{
  "version": 2,
  "builds": [
    { "src": "index.html", "use": "@vercel/static" },
    { "src": "tool.html", "use": "@vercel/static" },
    { "src": "jazztv.html", "use": "@vercel/static" },
    { "src": "jazz.html", "use": "@vercel/static" },
    { "src": "zong.html", "use": "@vercel/static" },
    { "src": "ads.html", "use": "@vercel/static" },
    { "src": "sports.html", "use": "@vercel/static" },
    { "src": "channels.js", "use": "@vercel/static" },
    { "src": "jazz.js", "use": "@vercel/static" },
    { "src": "ai.js", "use": "@vercel/static" },
    { "src": "ai.html", "use": "@vercel/static" },
    { "src": "sports.js", "use": "@vercel/static" },
    { "src": "file.html", "use": "@vercel/static" },
    { "src": "temp.html", "use": "@vercel/static" },
    { "src": "sms.html", "use": "@vercel/static" },
    { "src": "public/ads.txt", "use": "@vercel/static" },
    { "src": "images/**", "use": "@vercel/static" },
    { "src": "tempmail.js", "use": "@vercel/node" },
    { "src": "send.js", "use": "@vercel/node" },
    { "src": "database.js", "use": "@vercel/node" },
    { "src": "database.html", "use": "@vercel/static" }
  ],
  "routes": [
    { "src": "/", "dest": "/index.html" },
    { "src": "/tool", "dest": "/tool.html" },
    { "src": "/jazztv", "dest": "/jazztv.html" },
    { "src": "/jazz", "dest": "/jazz.html" },
    { "src": "/zong", "dest": "/zong.html" },
    { "src": "/file", "dest": "/file.html" },
    { "src": "/ai.js", "dest": "/ai.js" },
    { "src": "/ai.html", "dest": "/ai.html" },
    { "src": "/channels.js", "dest": "/channels.js" },
    { "src": "/jazz.js", "dest": "/jazz.js" },
    { "src": "/sports.js", "dest": "/sports.js" },
    { "src": "/ads.txt", "dest": "/public/ads.txt" },
    { "src": "/sports", "dest": "/sports.html" },
    { "src": "/api/tempmail", "dest": "/tempmail.js" },
    { "src": "/temp", "dest": "/temp.html" },
    { "src": "/api/send", "dest": "/send.js" },
    { "src": "/sms", "dest": "/sms.html" },
    { "src": "/api/(.*)", "dest": "/database.js" },
    { "src": "/database", "dest": "/database.html" }
  ]
}
